{"cameraMode":{"drawMode":0,"name":"Shaded","section":"Shading Mode"},"sceneLighting":true,"audioPlay":false,"sceneViewState":{"showFog":true,"showMaterialUpdate":false,"showSkybox":true,"showFlares":true,"showImageEffects":true,"showParticleSystems":true,"showVisualEffectGraphs":true,"m_FxEnabled":true},"in2DMode":false,"pivot":{"x":15.61115837097168,"y":1.6217780113220215,"z":13.310372352600098},"rotation":{"x":0.041489697992801669,"y":0.9585380554199219,"z":-0.19831493496894837,"w":0.20070016384124757},"size":23.03468894958496,"orthographic":false}