{"cameraMode":{"drawMode":0,"name":"Shaded","section":"Shading Mode"},"sceneLighting":true,"audioPlay":false,"sceneViewState":{"showFog":true,"showMaterialUpdate":false,"showSkybox":true,"showFlares":true,"showImageEffects":true,"showParticleSystems":true,"showVisualEffectGraphs":true,"m_FxEnabled":true},"in2DMode":false,"pivot":{"x":0.13006162643432618,"y":3.330233335494995,"z":7.06010627746582},"rotation":{"x":-0.18918877840042115,"y":-0.06886817514896393,"z":0.013365872204303742,"w":-0.9794755578041077},"size":13.564112663269043,"orthographic":false}